F1,IoU,config
0.9042,0.8252,100
0.8478,0.773727671,95
0.8345,0.761589693,90
0.7678,0.700717275,85
0.7255,0.662113028,80
